"cell.ID","cell.type","cell.subtype","tumor.state"
"T.cells.CD8","T.cells.CD8","T-cells-CD8",1
"T.cells.CD8.1","T.cells.CD8","T-cells-CD8-1",1
"T.cells.CD8.2","T.cells.CD8","T-cells-CD8-2",1
"Monocytes","Monocytes","Monocytes",1
"Monocytes.1","Monocytes","Monocytes-1",1
"T.cells.CD4","T.cells.CD4","T-cells-CD4",1
"T.cells.CD8.3","T.cells.CD8","T-cells-CD8-3",1
"Monocytes.2","Monocytes","Monocytes-2",1
"Monocytes.3","Monocytes","Monocytes-3",1
"Monocytes.4","Monocytes","Monocytes-4",1
"Monocytes.5","Monocytes","Monocytes-5",1
"T.cells.CD4.1","T.cells.CD4","T-cells-CD4-1",1
"Monocytes.6","Monocytes","Monocytes-6",1
"Monocytes.7","Monocytes","Monocytes-7",1
"T.cells.CD8.4","T.cells.CD8","T-cells-CD8-4",1
"T.cells.CD8.5","T.cells.CD8","T-cells-CD8-5",1
"Monocytes.8","Monocytes","Monocytes-8",1
"NKT.cells","NKT.cells","NKT-cells",0
"B.cells","B.cells","B-cells",1
"T.cells.CD8.6","T.cells.CD8","T-cells-CD8-6",1
"NK.cells","NK.cells","NK-cells",1
"NK.cells.1","NK.cells","NK-cells-1",1
"Monocytes.9","Monocytes","Monocytes-9",1
"Monocytes.10","Monocytes","Monocytes-10",1
"NKT.cells.1","NKT.cells","NKT-cells-1",0
"Monocytes.11","Monocytes","Monocytes-11",1
"Monocytes.12","Monocytes","Monocytes-12",1
"B.cells.1","B.cells","B-cells-1",1
"Monocytes.13","Monocytes","Monocytes-13",1
"T.cells.CD4.2","T.cells.CD4","T-cells-CD4-2",1
"Monocytes.14","Monocytes","Monocytes-14",1
"Monocytes.15","Monocytes","Monocytes-15",1
"T.cells.CD4.3","T.cells.CD4","T-cells-CD4-3",1
"Monocytes.16","Monocytes","Monocytes-16",1
"T.cells.CD8.7","T.cells.CD8","T-cells-CD8-7",1
"Monocytes.17","Monocytes","Monocytes-17",1
"T.cells.CD4.4","T.cells.CD4","T-cells-CD4-4",1
"T.cells.CD8.8","T.cells.CD8","T-cells-CD8-8",1
"Monocytes.18","Monocytes","Monocytes-18",1
"T.cells.CD8.9","T.cells.CD8","T-cells-CD8-9",1
"Monocytes.19","Monocytes","Monocytes-19",1
"T.cells.CD8.10","T.cells.CD8","T-cells-CD8-10",1
"Monocytes.20","Monocytes","Monocytes-20",1
"NKT.cells.2","NKT.cells","NKT-cells-2",0
"T.cells.CD4.5","T.cells.CD4","T-cells-CD4-5",1
"T.cells.CD4.6","T.cells.CD4","T-cells-CD4-6",1
"T.cells.CD8.11","T.cells.CD8","T-cells-CD8-11",1
"T.cells.CD4.7","T.cells.CD4","T-cells-CD4-7",1
"Monocytes.21","Monocytes","Monocytes-21",1
"Monocytes.22","Monocytes","Monocytes-22",1
"Monocytes.23","Monocytes","Monocytes-23",1
"T.cells.CD8.12","T.cells.CD8","T-cells-CD8-12",1
"Monocytes.24","Monocytes","Monocytes-24",1
"Monocytes.25","Monocytes","Monocytes-25",1
"T.cells.CD4.8","T.cells.CD4","T-cells-CD4-8",1
"T.cells.CD8.13","T.cells.CD8","T-cells-CD8-13",1
"Monocytes.26","Monocytes","Monocytes-26",1
"Monocytes.27","Monocytes","Monocytes-27",1
"T.cells.CD8.14","T.cells.CD8","T-cells-CD8-14",1
"T.cells.CD8.15","T.cells.CD8","T-cells-CD8-15",1
"T.cells.CD4.9","T.cells.CD4","T-cells-CD4-9",1
"Monocytes.28","Monocytes","Monocytes-28",1
"NK.cells.2","NK.cells","NK-cells-2",1
"T.cells.CD4.10","T.cells.CD4","T-cells-CD4-10",1
"Monocytes.29","Monocytes","Monocytes-29",1
"Monocytes.30","Monocytes","Monocytes-30",1
"T.cells.CD4.11","T.cells.CD4","T-cells-CD4-11",1
"Monocytes.31","Monocytes","Monocytes-31",1
"NK.cells.3","NK.cells","NK-cells-3",1
"NKT.cells.3","NKT.cells","NKT-cells-3",0
"T.cells.CD8.16","T.cells.CD8","T-cells-CD8-16",1
"Monocytes.32","Monocytes","Monocytes-32",1
"Monocytes.33","Monocytes","Monocytes-33",1
"T.cells.CD4.12","T.cells.CD4","T-cells-CD4-12",1
"B.cells.2","B.cells","B-cells-2",1
"Monocytes.34","Monocytes","Monocytes-34",1
"Monocytes.35","Monocytes","Monocytes-35",1
"Monocytes.36","Monocytes","Monocytes-36",1
"T.cells.CD4.13","T.cells.CD4","T-cells-CD4-13",1
"Monocytes.37","Monocytes","Monocytes-37",1
"T.cells.CD8.17","T.cells.CD8","T-cells-CD8-17",1
"T.cells.CD8.18","T.cells.CD8","T-cells-CD8-18",1
"Monocytes.38","Monocytes","Monocytes-38",1
"T.cells.CD4.14","T.cells.CD4","T-cells-CD4-14",1
"T.cells.CD4.15","T.cells.CD4","T-cells-CD4-15",1
"T.cells.CD4.16","T.cells.CD4","T-cells-CD4-16",1
"Monocytes.39","Monocytes","Monocytes-39",1
"Monocytes.40","Monocytes","Monocytes-40",1
"Monocytes.41","Monocytes","Monocytes-41",1
"B.cells.3","B.cells","B-cells-3",1
"NK.cells.4","NK.cells","NK-cells-4",1
"Monocytes.42","Monocytes","Monocytes-42",1
"T.cells.CD8.19","T.cells.CD8","T-cells-CD8-19",1
"Monocytes.43","Monocytes","Monocytes-43",1
"Monocytes.44","Monocytes","Monocytes-44",1
"T.cells.CD4.17","T.cells.CD4","T-cells-CD4-17",1
"Monocytes.45","Monocytes","Monocytes-45",1
"B.cells.4","B.cells","B-cells-4",1
"Monocytes.46","Monocytes","Monocytes-46",1
"T.cells.CD8.20","T.cells.CD8","T-cells-CD8-20",1
"Monocytes.47","Monocytes","Monocytes-47",1
"Monocytes.48","Monocytes","Monocytes-48",1
"B.cells.5","B.cells","B-cells-5",1
"Monocytes.49","Monocytes","Monocytes-49",1
"Monocytes.50","Monocytes","Monocytes-50",1
"Monocytes.51","Monocytes","Monocytes-51",1
"Monocytes.52","Monocytes","Monocytes-52",1
"Monocytes.53","Monocytes","Monocytes-53",1
"T.cells.CD8.21","T.cells.CD8","T-cells-CD8-21",1
"T.cells.CD8.22","T.cells.CD8","T-cells-CD8-22",1
"Monocytes.54","Monocytes","Monocytes-54",1
"T.cells.CD4.18","T.cells.CD4","T-cells-CD4-18",1
"Monocytes.55","Monocytes","Monocytes-55",1
"Monocytes.56","Monocytes","Monocytes-56",1
"Monocytes.57","Monocytes","Monocytes-57",1
"Monocytes.58","Monocytes","Monocytes-58",1
"Monocytes.59","Monocytes","Monocytes-59",1
"Monocytes.60","Monocytes","Monocytes-60",1
"T.cells.CD8.23","T.cells.CD8","T-cells-CD8-23",1
"Monocytes.61","Monocytes","Monocytes-61",1
"Monocytes.62","Monocytes","Monocytes-62",1
"Monocytes.63","Monocytes","Monocytes-63",1
"T.cells.CD8.24","T.cells.CD8","T-cells-CD8-24",1
"Monocytes.64","Monocytes","Monocytes-64",1
"T.cells.CD4.19","T.cells.CD4","T-cells-CD4-19",1
"NKT.cells.4","NKT.cells","NKT-cells-4",0
"Monocytes.65","Monocytes","Monocytes-65",1
"T.cells.CD8.25","T.cells.CD8","T-cells-CD8-25",1
"T.cells.CD4.20","T.cells.CD4","T-cells-CD4-20",1
"T.cells.CD4.21","T.cells.CD4","T-cells-CD4-21",1
"T.cells.CD4.22","T.cells.CD4","T-cells-CD4-22",1
"Monocytes.66","Monocytes","Monocytes-66",1
"NK.cells.5","NK.cells","NK-cells-5",1
"T.cells.CD8.26","T.cells.CD8","T-cells-CD8-26",1
"Monocytes.67","Monocytes","Monocytes-67",1
"T.cells.CD4.23","T.cells.CD4","T-cells-CD4-23",1
"T.cells.CD4.24","T.cells.CD4","T-cells-CD4-24",1
"Monocytes.68","Monocytes","Monocytes-68",1
"Monocytes.69","Monocytes","Monocytes-69",1
"T.cells.CD8.27","T.cells.CD8","T-cells-CD8-27",1
"B.cells.6","B.cells","B-cells-6",1
"T.cells.CD4.25","T.cells.CD4","T-cells-CD4-25",1
"T.cells.CD8.28","T.cells.CD8","T-cells-CD8-28",1
"Monocytes.70","Monocytes","Monocytes-70",1
"B.cells.7","B.cells","B-cells-7",1
"T.cells.CD4.26","T.cells.CD4","T-cells-CD4-26",1
"T.cells.CD4.27","T.cells.CD4","T-cells-CD4-27",1
"NKT.cells.5","NKT.cells","NKT-cells-5",0
"Monocytes.71","Monocytes","Monocytes-71",1
"NKT.cells.6","NKT.cells","NKT-cells-6",0
"T.cells.CD8.29","T.cells.CD8","T-cells-CD8-29",1
"Monocytes.72","Monocytes","Monocytes-72",1
"Monocytes.73","Monocytes","Monocytes-73",1
"T.cells.CD4.28","T.cells.CD4","T-cells-CD4-28",1
"T.cells.CD4.29","T.cells.CD4","T-cells-CD4-29",1
"Monocytes.74","Monocytes","Monocytes-74",1
"Monocytes.75","Monocytes","Monocytes-75",1
"NKT.cells.7","NKT.cells","NKT-cells-7",0
"T.cells.CD4.30","T.cells.CD4","T-cells-CD4-30",1
"T.cells.CD4.31","T.cells.CD4","T-cells-CD4-31",1
"NK.cells.6","NK.cells","NK-cells-6",1
"T.cells.CD8.30","T.cells.CD8","T-cells-CD8-30",1
"T.cells.CD4.32","T.cells.CD4","T-cells-CD4-32",1
"Monocytes.76","Monocytes","Monocytes-76",1
"Monocytes.77","Monocytes","Monocytes-77",1
"Monocytes.78","Monocytes","Monocytes-78",1
"Monocytes.79","Monocytes","Monocytes-79",1
"T.cells.CD4.33","T.cells.CD4","T-cells-CD4-33",1
"Monocytes.80","Monocytes","Monocytes-80",1
"Monocytes.81","Monocytes","Monocytes-81",1
"T.cells.CD8.31","T.cells.CD8","T-cells-CD8-31",1
"Monocytes.82","Monocytes","Monocytes-82",1
"Monocytes.83","Monocytes","Monocytes-83",1
"Monocytes.84","Monocytes","Monocytes-84",1
"Monocytes.85","Monocytes","Monocytes-85",1
"Monocytes.86","Monocytes","Monocytes-86",1
"Monocytes.87","Monocytes","Monocytes-87",1
"Monocytes.88","Monocytes","Monocytes-88",1
"Monocytes.89","Monocytes","Monocytes-89",1
"T.cells.CD4.34","T.cells.CD4","T-cells-CD4-34",1
"NK.cells.7","NK.cells","NK-cells-7",1
"T.cells.CD8.32","T.cells.CD8","T-cells-CD8-32",1
"Monocytes.90","Monocytes","Monocytes-90",1
"NK.cells.8","NK.cells","NK-cells-8",1
"Monocytes.91","Monocytes","Monocytes-91",1
"T.cells.CD8.33","T.cells.CD8","T-cells-CD8-33",1
"T.cells.CD8.34","T.cells.CD8","T-cells-CD8-34",1
"T.cells.CD4.35","T.cells.CD4","T-cells-CD4-35",1
"Monocytes.92","Monocytes","Monocytes-92",1
"NKT.cells.8","NKT.cells","NKT-cells-8",0
"T.cells.CD8.35","T.cells.CD8","T-cells-CD8-35",1
"T.cells.CD4.36","T.cells.CD4","T-cells-CD4-36",1
"T.cells.CD8.36","T.cells.CD8","T-cells-CD8-36",1
"NKT.cells.9","NKT.cells","NKT-cells-9",0
"T.cells.CD8.37","T.cells.CD8","T-cells-CD8-37",1
"T.cells.CD8.38","T.cells.CD8","T-cells-CD8-38",1
"NK.cells.9","NK.cells","NK-cells-9",1
"T.cells.CD4.37","T.cells.CD4","T-cells-CD4-37",1
"Monocytes.93","Monocytes","Monocytes-93",1
"Monocytes.94","Monocytes","Monocytes-94",1
"B.cells.8","B.cells","B-cells-8",1
"Monocytes.95","Monocytes","Monocytes-95",1
"Monocytes.96","Monocytes","Monocytes-96",1
"T.cells.CD4.38","T.cells.CD4","T-cells-CD4-38",1
"Monocytes.97","Monocytes","Monocytes-97",1
"Monocytes.98","Monocytes","Monocytes-98",1
"T.cells.CD4.39","T.cells.CD4","T-cells-CD4-39",1
"T.cells.CD4.40","T.cells.CD4","T-cells-CD4-40",1
"Monocytes.99","Monocytes","Monocytes-99",1
"T.cells.CD8.39","T.cells.CD8","T-cells-CD8-39",1
"B.cells.9","B.cells","B-cells-9",1
"T.cells.CD8.40","T.cells.CD8","T-cells-CD8-40",1
"T.cells.CD4.41","T.cells.CD4","T-cells-CD4-41",1
"Monocytes.100","Monocytes","Monocytes-100",1
"Monocytes.101","Monocytes","Monocytes-101",1
"Monocytes.102","Monocytes","Monocytes-102",1
"T.cells.CD8.41","T.cells.CD8","T-cells-CD8-41",1
"T.cells.CD8.42","T.cells.CD8","T-cells-CD8-42",1
"T.cells.CD4.42","T.cells.CD4","T-cells-CD4-42",1
"Monocytes.103","Monocytes","Monocytes-103",1
"Monocytes.104","Monocytes","Monocytes-104",1
"B.cells.10","B.cells","B-cells-10",1
"Monocytes.105","Monocytes","Monocytes-105",1
"T.cells.CD8.43","T.cells.CD8","T-cells-CD8-43",1
"NKT.cells.10","NKT.cells","NKT-cells-10",0
"T.cells.CD8.44","T.cells.CD8","T-cells-CD8-44",1
"NKT.cells.11","NKT.cells","NKT-cells-11",0
"Monocytes.106","Monocytes","Monocytes-106",1
"Monocytes.107","Monocytes","Monocytes-107",1
"T.cells.CD8.45","T.cells.CD8","T-cells-CD8-45",1
"T.cells.CD8.46","T.cells.CD8","T-cells-CD8-46",1
"Monocytes.108","Monocytes","Monocytes-108",1
"T.cells.CD8.47","T.cells.CD8","T-cells-CD8-47",1
"Monocytes.109","Monocytes","Monocytes-109",1
"Monocytes.110","Monocytes","Monocytes-110",1
"T.cells.CD4.43","T.cells.CD4","T-cells-CD4-43",1
"Monocytes.111","Monocytes","Monocytes-111",1
"Monocytes.112","Monocytes","Monocytes-112",1
"Monocytes.113","Monocytes","Monocytes-113",1
"NK.cells.10","NK.cells","NK-cells-10",1
"T.cells.CD8.48","T.cells.CD8","T-cells-CD8-48",1
"Monocytes.114","Monocytes","Monocytes-114",1
"T.cells.CD8.49","T.cells.CD8","T-cells-CD8-49",1
"NK.cells.11","NK.cells","NK-cells-11",1
"Monocytes.115","Monocytes","Monocytes-115",1
"Monocytes.116","Monocytes","Monocytes-116",1
"T.cells.CD8.50","T.cells.CD8","T-cells-CD8-50",1
"T.cells.CD8.51","T.cells.CD8","T-cells-CD8-51",1
"NKT.cells.12","NKT.cells","NKT-cells-12",0
"T.cells.CD8.52","T.cells.CD8","T-cells-CD8-52",1
"Monocytes.117","Monocytes","Monocytes-117",1
"Monocytes.118","Monocytes","Monocytes-118",1
"B.cells.11","B.cells","B-cells-11",1
"T.cells.CD4.44","T.cells.CD4","T-cells-CD4-44",1
"Monocytes.119","Monocytes","Monocytes-119",1
"Monocytes.120","Monocytes","Monocytes-120",1
"Monocytes.121","Monocytes","Monocytes-121",1
"Monocytes.122","Monocytes","Monocytes-122",1
"Monocytes.123","Monocytes","Monocytes-123",1
"B.cells.12","B.cells","B-cells-12",1
"Monocytes.124","Monocytes","Monocytes-124",1
"Monocytes.125","Monocytes","Monocytes-125",1
"Monocytes.126","Monocytes","Monocytes-126",1
"T.cells.CD8.53","T.cells.CD8","T-cells-CD8-53",1
"NKT.cells.13","NKT.cells","NKT-cells-13",0
"NK.cells.12","NK.cells","NK-cells-12",1
"T.cells.CD4.45","T.cells.CD4","T-cells-CD4-45",1
"Monocytes.127","Monocytes","Monocytes-127",1
"NKT.cells.14","NKT.cells","NKT-cells-14",0
"Monocytes.128","Monocytes","Monocytes-128",1
"T.cells.CD8.54","T.cells.CD8","T-cells-CD8-54",1
"B.cells.13","B.cells","B-cells-13",1
"T.cells.CD4.46","T.cells.CD4","T-cells-CD4-46",1
"T.cells.CD8.55","T.cells.CD8","T-cells-CD8-55",1
"T.cells.CD8.56","T.cells.CD8","T-cells-CD8-56",1
"Monocytes.129","Monocytes","Monocytes-129",1
"T.cells.CD8.57","T.cells.CD8","T-cells-CD8-57",1
"B.cells.14","B.cells","B-cells-14",1
"NK.cells.13","NK.cells","NK-cells-13",1
"Monocytes.130","Monocytes","Monocytes-130",1
"Monocytes.131","Monocytes","Monocytes-131",1
"T.cells.CD8.58","T.cells.CD8","T-cells-CD8-58",1
"T.cells.CD8.59","T.cells.CD8","T-cells-CD8-59",1
"T.cells.CD4.47","T.cells.CD4","T-cells-CD4-47",1
"Monocytes.132","Monocytes","Monocytes-132",1
"Monocytes.133","Monocytes","Monocytes-133",1
"T.cells.CD4.48","T.cells.CD4","T-cells-CD4-48",1
"Monocytes.134","Monocytes","Monocytes-134",1
"T.cells.CD8.60","T.cells.CD8","T-cells-CD8-60",1
"Monocytes.135","Monocytes","Monocytes-135",1
"Monocytes.136","Monocytes","Monocytes-136",1
"Monocytes.137","Monocytes","Monocytes-137",1
"Monocytes.138","Monocytes","Monocytes-138",1
"Monocytes.139","Monocytes","Monocytes-139",1
"T.cells.CD8.61","T.cells.CD8","T-cells-CD8-61",1
"T.cells.CD8.62","T.cells.CD8","T-cells-CD8-62",1
"T.cells.CD8.63","T.cells.CD8","T-cells-CD8-63",1
"Monocytes.140","Monocytes","Monocytes-140",1
"NK.cells.14","NK.cells","NK-cells-14",1
"T.cells.CD8.64","T.cells.CD8","T-cells-CD8-64",1
"Monocytes.141","Monocytes","Monocytes-141",1
"Monocytes.142","Monocytes","Monocytes-142",1
"Monocytes.143","Monocytes","Monocytes-143",1
"T.cells.CD4.49","T.cells.CD4","T-cells-CD4-49",1
"T.cells.CD8.65","T.cells.CD8","T-cells-CD8-65",1
"NKT.cells.15","NKT.cells","NKT-cells-15",0
"T.cells.CD8.66","T.cells.CD8","T-cells-CD8-66",1
"Monocytes.144","Monocytes","Monocytes-144",1
"T.cells.CD8.67","T.cells.CD8","T-cells-CD8-67",1
"Monocytes.145","Monocytes","Monocytes-145",1
"T.cells.CD4.50","T.cells.CD4","T-cells-CD4-50",1
"T.cells.CD4.51","T.cells.CD4","T-cells-CD4-51",1
"NKT.cells.16","NKT.cells","NKT-cells-16",0
"NK.cells.15","NK.cells","NK-cells-15",1
"Monocytes.146","Monocytes","Monocytes-146",1
"NKT.cells.17","NKT.cells","NKT-cells-17",0
"Monocytes.147","Monocytes","Monocytes-147",1
"Monocytes.148","Monocytes","Monocytes-148",1
"NK.cells.16","NK.cells","NK-cells-16",1
"Monocytes.149","Monocytes","Monocytes-149",1
"Monocytes.150","Monocytes","Monocytes-150",1
"NK.cells.17","NK.cells","NK-cells-17",1
"Monocytes.151","Monocytes","Monocytes-151",1
"Monocytes.152","Monocytes","Monocytes-152",1
"Monocytes.153","Monocytes","Monocytes-153",1
"T.cells.CD4.52","T.cells.CD4","T-cells-CD4-52",1
"T.cells.CD8.68","T.cells.CD8","T-cells-CD8-68",1
"Monocytes.154","Monocytes","Monocytes-154",1
"T.cells.CD4.53","T.cells.CD4","T-cells-CD4-53",1
"Monocytes.155","Monocytes","Monocytes-155",1
"Monocytes.156","Monocytes","Monocytes-156",1
"Monocytes.157","Monocytes","Monocytes-157",1
"Monocytes.158","Monocytes","Monocytes-158",1
"Monocytes.159","Monocytes","Monocytes-159",1
"T.cells.CD8.69","T.cells.CD8","T-cells-CD8-69",1
"Monocytes.160","Monocytes","Monocytes-160",1
"Monocytes.161","Monocytes","Monocytes-161",1
"Monocytes.162","Monocytes","Monocytes-162",1
"B.cells.15","B.cells","B-cells-15",1
"Monocytes.163","Monocytes","Monocytes-163",1
"NKT.cells.18","NKT.cells","NKT-cells-18",0
"T.cells.CD8.70","T.cells.CD8","T-cells-CD8-70",1
"Monocytes.164","Monocytes","Monocytes-164",1
"Monocytes.165","Monocytes","Monocytes-165",1
"Monocytes.166","Monocytes","Monocytes-166",1
"Monocytes.167","Monocytes","Monocytes-167",1
"NK.cells.18","NK.cells","NK-cells-18",1
"NKT.cells.19","NKT.cells","NKT-cells-19",0
"T.cells.CD4.54","T.cells.CD4","T-cells-CD4-54",1
"T.cells.CD4.55","T.cells.CD4","T-cells-CD4-55",1
"Monocytes.168","Monocytes","Monocytes-168",1
"Monocytes.169","Monocytes","Monocytes-169",1
"T.cells.CD8.71","T.cells.CD8","T-cells-CD8-71",1
"Monocytes.170","Monocytes","Monocytes-170",1
"T.cells.CD8.72","T.cells.CD8","T-cells-CD8-72",1
"T.cells.CD4.56","T.cells.CD4","T-cells-CD4-56",1
"Monocytes.171","Monocytes","Monocytes-171",1
"B.cells.16","B.cells","B-cells-16",1
"T.cells.CD4.57","T.cells.CD4","T-cells-CD4-57",1
"Monocytes.172","Monocytes","Monocytes-172",1
"T.cells.CD8.73","T.cells.CD8","T-cells-CD8-73",1
"T.cells.CD8.74","T.cells.CD8","T-cells-CD8-74",1
"NKT.cells.20","NKT.cells","NKT-cells-20",0
"T.cells.CD8.75","T.cells.CD8","T-cells-CD8-75",1
"T.cells.CD8.76","T.cells.CD8","T-cells-CD8-76",1
"T.cells.CD4.58","T.cells.CD4","T-cells-CD4-58",1
"T.cells.CD4.59","T.cells.CD4","T-cells-CD4-59",1
"Monocytes.173","Monocytes","Monocytes-173",1
"B.cells.17","B.cells","B-cells-17",1
"T.cells.CD4.60","T.cells.CD4","T-cells-CD4-60",1
"T.cells.CD4.61","T.cells.CD4","T-cells-CD4-61",1
"Monocytes.174","Monocytes","Monocytes-174",1
"NKT.cells.21","NKT.cells","NKT-cells-21",0
"B.cells.18","B.cells","B-cells-18",1
"T.cells.CD8.77","T.cells.CD8","T-cells-CD8-77",1
"Monocytes.175","Monocytes","Monocytes-175",1
"Monocytes.176","Monocytes","Monocytes-176",1
"Monocytes.177","Monocytes","Monocytes-177",1
"Monocytes.178","Monocytes","Monocytes-178",1
"T.cells.CD4.62","T.cells.CD4","T-cells-CD4-62",1
"Monocytes.179","Monocytes","Monocytes-179",1
"T.cells.CD8.78","T.cells.CD8","T-cells-CD8-78",1
"T.cells.CD8.79","T.cells.CD8","T-cells-CD8-79",1
"T.cells.CD8.80","T.cells.CD8","T-cells-CD8-80",1
"NK.cells.19","NK.cells","NK-cells-19",1
"T.cells.CD8.81","T.cells.CD8","T-cells-CD8-81",1
"T.cells.CD8.82","T.cells.CD8","T-cells-CD8-82",1
"Monocytes.180","Monocytes","Monocytes-180",1
"B.cells.19","B.cells","B-cells-19",1
"T.cells.CD8.83","T.cells.CD8","T-cells-CD8-83",1
"T.cells.CD8.84","T.cells.CD8","T-cells-CD8-84",1
"T.cells.CD8.85","T.cells.CD8","T-cells-CD8-85",1
"T.cells.CD4.63","T.cells.CD4","T-cells-CD4-63",1
"T.cells.CD4.64","T.cells.CD4","T-cells-CD4-64",1
"Monocytes.181","Monocytes","Monocytes-181",1
"Monocytes.182","Monocytes","Monocytes-182",1
"T.cells.CD4.65","T.cells.CD4","T-cells-CD4-65",1
"Monocytes.183","Monocytes","Monocytes-183",1
"Monocytes.184","Monocytes","Monocytes-184",1
"NKT.cells.22","NKT.cells","NKT-cells-22",0
"NKT.cells.23","NKT.cells","NKT-cells-23",0
"Monocytes.185","Monocytes","Monocytes-185",1
"Monocytes.186","Monocytes","Monocytes-186",1
"Monocytes.187","Monocytes","Monocytes-187",1
"Monocytes.188","Monocytes","Monocytes-188",1
"B.cells.20","B.cells","B-cells-20",1
"T.cells.CD4.66","T.cells.CD4","T-cells-CD4-66",1
"Monocytes.189","Monocytes","Monocytes-189",1
"Monocytes.190","Monocytes","Monocytes-190",1
"Monocytes.191","Monocytes","Monocytes-191",1
"Monocytes.192","Monocytes","Monocytes-192",1
"Monocytes.193","Monocytes","Monocytes-193",1
"B.cells.21","B.cells","B-cells-21",1
"Monocytes.194","Monocytes","Monocytes-194",1
"Monocytes.195","Monocytes","Monocytes-195",1
"Monocytes.196","Monocytes","Monocytes-196",1
"T.cells.CD4.67","T.cells.CD4","T-cells-CD4-67",1
"Monocytes.197","Monocytes","Monocytes-197",1
"T.cells.CD4.68","T.cells.CD4","T-cells-CD4-68",1
"NKT.cells.24","NKT.cells","NKT-cells-24",0
"T.cells.CD8.86","T.cells.CD8","T-cells-CD8-86",1
"Monocytes.198","Monocytes","Monocytes-198",1
"B.cells.22","B.cells","B-cells-22",1
"B.cells.23","B.cells","B-cells-23",1
"T.cells.CD8.87","T.cells.CD8","T-cells-CD8-87",1
"T.cells.CD8.88","T.cells.CD8","T-cells-CD8-88",1
"Monocytes.199","Monocytes","Monocytes-199",1
"T.cells.CD4.69","T.cells.CD4","T-cells-CD4-69",1
"Monocytes.200","Monocytes","Monocytes-200",1
"Monocytes.201","Monocytes","Monocytes-201",1
"NKT.cells.25","NKT.cells","NKT-cells-25",0
"Monocytes.202","Monocytes","Monocytes-202",1
"T.cells.CD8.89","T.cells.CD8","T-cells-CD8-89",1
"T.cells.CD4.70","T.cells.CD4","T-cells-CD4-70",1
"Monocytes.203","Monocytes","Monocytes-203",1
"Monocytes.204","Monocytes","Monocytes-204",1
"T.cells.CD8.90","T.cells.CD8","T-cells-CD8-90",1
"T.cells.CD8.91","T.cells.CD8","T-cells-CD8-91",1
"Monocytes.205","Monocytes","Monocytes-205",1
"Monocytes.206","Monocytes","Monocytes-206",1
"Monocytes.207","Monocytes","Monocytes-207",1
"Monocytes.208","Monocytes","Monocytes-208",1
"Monocytes.209","Monocytes","Monocytes-209",1
"T.cells.CD8.92","T.cells.CD8","T-cells-CD8-92",1
"NKT.cells.26","NKT.cells","NKT-cells-26",0
"T.cells.CD8.93","T.cells.CD8","T-cells-CD8-93",1
"T.cells.CD4.71","T.cells.CD4","T-cells-CD4-71",1
"NKT.cells.27","NKT.cells","NKT-cells-27",0
"T.cells.CD4.72","T.cells.CD4","T-cells-CD4-72",1
"Monocytes.210","Monocytes","Monocytes-210",1
"Monocytes.211","Monocytes","Monocytes-211",1
"T.cells.CD4.73","T.cells.CD4","T-cells-CD4-73",1
"T.cells.CD8.94","T.cells.CD8","T-cells-CD8-94",1
"Monocytes.212","Monocytes","Monocytes-212",1
"T.cells.CD4.74","T.cells.CD4","T-cells-CD4-74",1
"Monocytes.213","Monocytes","Monocytes-213",1
"T.cells.CD4.75","T.cells.CD4","T-cells-CD4-75",1
"T.cells.CD4.76","T.cells.CD4","T-cells-CD4-76",1
"Monocytes.214","Monocytes","Monocytes-214",1
"NKT.cells.28","NKT.cells","NKT-cells-28",0
"NK.cells.20","NK.cells","NK-cells-20",1
"T.cells.CD8.95","T.cells.CD8","T-cells-CD8-95",1
"T.cells.CD4.77","T.cells.CD4","T-cells-CD4-77",1
"Monocytes.215","Monocytes","Monocytes-215",1
"Monocytes.216","Monocytes","Monocytes-216",1
"T.cells.CD8.96","T.cells.CD8","T-cells-CD8-96",1
"NK.cells.21","NK.cells","NK-cells-21",1
"Monocytes.217","Monocytes","Monocytes-217",1
"Monocytes.218","Monocytes","Monocytes-218",1
"Monocytes.219","Monocytes","Monocytes-219",1
"T.cells.CD4.78","T.cells.CD4","T-cells-CD4-78",1
"T.cells.CD8.97","T.cells.CD8","T-cells-CD8-97",1
"NKT.cells.29","NKT.cells","NKT-cells-29",0
"NKT.cells.30","NKT.cells","NKT-cells-30",0
"Monocytes.220","Monocytes","Monocytes-220",1
"B.cells.24","B.cells","B-cells-24",1
"T.cells.CD4.79","T.cells.CD4","T-cells-CD4-79",1
"Monocytes.221","Monocytes","Monocytes-221",1
"NKT.cells.31","NKT.cells","NKT-cells-31",0
"T.cells.CD8.98","T.cells.CD8","T-cells-CD8-98",1
"T.cells.CD8.99","T.cells.CD8","T-cells-CD8-99",1
"Monocytes.222","Monocytes","Monocytes-222",1
"NKT.cells.32","NKT.cells","NKT-cells-32",0
"T.cells.CD4.80","T.cells.CD4","T-cells-CD4-80",1
"Monocytes.223","Monocytes","Monocytes-223",1
"T.cells.CD8.100","T.cells.CD8","T-cells-CD8-100",1
"Monocytes.224","Monocytes","Monocytes-224",1
"NKT.cells.33","NKT.cells","NKT-cells-33",0
"NKT.cells.34","NKT.cells","NKT-cells-34",0
"T.cells.CD8.101","T.cells.CD8","T-cells-CD8-101",1
"T.cells.CD8.102","T.cells.CD8","T-cells-CD8-102",1
"NKT.cells.35","NKT.cells","NKT-cells-35",0
"Monocytes.225","Monocytes","Monocytes-225",1
"Monocytes.226","Monocytes","Monocytes-226",1
"T.cells.CD8.103","T.cells.CD8","T-cells-CD8-103",1
"T.cells.CD8.104","T.cells.CD8","T-cells-CD8-104",1
"T.cells.CD8.105","T.cells.CD8","T-cells-CD8-105",1
"T.cells.CD4.81","T.cells.CD4","T-cells-CD4-81",1
"T.cells.CD4.82","T.cells.CD4","T-cells-CD4-82",1
"T.cells.CD8.106","T.cells.CD8","T-cells-CD8-106",1
"NK.cells.22","NK.cells","NK-cells-22",1
"NKT.cells.36","NKT.cells","NKT-cells-36",0
"T.cells.CD4.83","T.cells.CD4","T-cells-CD4-83",1
"T.cells.CD8.107","T.cells.CD8","T-cells-CD8-107",1
"T.cells.CD4.84","T.cells.CD4","T-cells-CD4-84",1
"Monocytes.227","Monocytes","Monocytes-227",1
"NK.cells.23","NK.cells","NK-cells-23",1
"T.cells.CD4.85","T.cells.CD4","T-cells-CD4-85",1
"Monocytes.228","Monocytes","Monocytes-228",1
"NK.cells.24","NK.cells","NK-cells-24",1
"T.cells.CD4.86","T.cells.CD4","T-cells-CD4-86",1
"Monocytes.229","Monocytes","Monocytes-229",1
"T.cells.CD8.108","T.cells.CD8","T-cells-CD8-108",1
"T.cells.CD8.109","T.cells.CD8","T-cells-CD8-109",1
"Monocytes.230","Monocytes","Monocytes-230",1
"T.cells.CD8.110","T.cells.CD8","T-cells-CD8-110",1
"Monocytes.231","Monocytes","Monocytes-231",1
"Monocytes.232","Monocytes","Monocytes-232",1
"T.cells.CD4.87","T.cells.CD4","T-cells-CD4-87",1
"T.cells.CD8.111","T.cells.CD8","T-cells-CD8-111",1
"T.cells.CD8.112","T.cells.CD8","T-cells-CD8-112",1
"T.cells.CD4.88","T.cells.CD4","T-cells-CD4-88",1
"Monocytes.233","Monocytes","Monocytes-233",1
"Monocytes.234","Monocytes","Monocytes-234",1
"Monocytes.235","Monocytes","Monocytes-235",1
"Monocytes.236","Monocytes","Monocytes-236",1
"Monocytes.237","Monocytes","Monocytes-237",1
"NK.cells.25","NK.cells","NK-cells-25",1
"T.cells.CD8.113","T.cells.CD8","T-cells-CD8-113",1
"T.cells.CD8.114","T.cells.CD8","T-cells-CD8-114",1
"T.cells.CD4.89","T.cells.CD4","T-cells-CD4-89",1
"T.cells.CD4.90","T.cells.CD4","T-cells-CD4-90",1
"NK.cells.26","NK.cells","NK-cells-26",1
"NKT.cells.37","NKT.cells","NKT-cells-37",0
"T.cells.CD4.91","T.cells.CD4","T-cells-CD4-91",1
"NK.cells.27","NK.cells","NK-cells-27",1
"NK.cells.28","NK.cells","NK-cells-28",1
"NKT.cells.38","NKT.cells","NKT-cells-38",0
"T.cells.CD8.115","T.cells.CD8","T-cells-CD8-115",1
"Monocytes.238","Monocytes","Monocytes-238",1
"Monocytes.239","Monocytes","Monocytes-239",1
"T.cells.CD8.116","T.cells.CD8","T-cells-CD8-116",1
"T.cells.CD4.92","T.cells.CD4","T-cells-CD4-92",1
"Monocytes.240","Monocytes","Monocytes-240",1
"NK.cells.29","NK.cells","NK-cells-29",1
"Monocytes.241","Monocytes","Monocytes-241",1
"Monocytes.242","Monocytes","Monocytes-242",1
"T.cells.CD4.93","T.cells.CD4","T-cells-CD4-93",1
"T.cells.CD8.117","T.cells.CD8","T-cells-CD8-117",1
"T.cells.CD8.118","T.cells.CD8","T-cells-CD8-118",1
"NK.cells.30","NK.cells","NK-cells-30",1
"B.cells.25","B.cells","B-cells-25",1
"Monocytes.243","Monocytes","Monocytes-243",1
"Monocytes.244","Monocytes","Monocytes-244",1
"T.cells.CD4.94","T.cells.CD4","T-cells-CD4-94",1
"T.cells.CD8.119","T.cells.CD8","T-cells-CD8-119",1
"NKT.cells.39","NKT.cells","NKT-cells-39",0
"T.cells.CD4.95","T.cells.CD4","T-cells-CD4-95",1
"Monocytes.245","Monocytes","Monocytes-245",1
"Monocytes.246","Monocytes","Monocytes-246",1
"T.cells.CD4.96","T.cells.CD4","T-cells-CD4-96",1
"T.cells.CD8.120","T.cells.CD8","T-cells-CD8-120",1
"T.cells.CD8.121","T.cells.CD8","T-cells-CD8-121",1
"Monocytes.247","Monocytes","Monocytes-247",1
"Monocytes.248","Monocytes","Monocytes-248",1
"Monocytes.249","Monocytes","Monocytes-249",1
"T.cells.CD8.122","T.cells.CD8","T-cells-CD8-122",1
"Monocytes.250","Monocytes","Monocytes-250",1
"T.cells.CD4.97","T.cells.CD4","T-cells-CD4-97",1
"T.cells.CD4.98","T.cells.CD4","T-cells-CD4-98",1
"NK.cells.31","NK.cells","NK-cells-31",1
"T.cells.CD4.99","T.cells.CD4","T-cells-CD4-99",1
"T.cells.CD4.100","T.cells.CD4","T-cells-CD4-100",1
"B.cells.26","B.cells","B-cells-26",1
"T.cells.CD8.123","T.cells.CD8","T-cells-CD8-123",1
"T.cells.CD8.124","T.cells.CD8","T-cells-CD8-124",1
"Monocytes.251","Monocytes","Monocytes-251",1
"Monocytes.252","Monocytes","Monocytes-252",1
"Monocytes.253","Monocytes","Monocytes-253",1
"T.cells.CD8.125","T.cells.CD8","T-cells-CD8-125",1
"B.cells.27","B.cells","B-cells-27",1
"T.cells.CD8.126","T.cells.CD8","T-cells-CD8-126",1
"Monocytes.254","Monocytes","Monocytes-254",1
"NKT.cells.40","NKT.cells","NKT-cells-40",0
"NKT.cells.41","NKT.cells","NKT-cells-41",0
"T.cells.CD8.127","T.cells.CD8","T-cells-CD8-127",1
"T.cells.CD8.128","T.cells.CD8","T-cells-CD8-128",1
"T.cells.CD8.129","T.cells.CD8","T-cells-CD8-129",1
"Monocytes.255","Monocytes","Monocytes-255",1
"T.cells.CD8.130","T.cells.CD8","T-cells-CD8-130",1
"Monocytes.256","Monocytes","Monocytes-256",1
"Monocytes.257","Monocytes","Monocytes-257",1
"NKT.cells.42","NKT.cells","NKT-cells-42",0
"NKT.cells.43","NKT.cells","NKT-cells-43",0
"Monocytes.258","Monocytes","Monocytes-258",1
"T.cells.CD8.131","T.cells.CD8","T-cells-CD8-131",1
"Monocytes.259","Monocytes","Monocytes-259",1
"NK.cells.32","NK.cells","NK-cells-32",1
"T.cells.CD4.101","T.cells.CD4","T-cells-CD4-101",1
"T.cells.CD8.132","T.cells.CD8","T-cells-CD8-132",1
"Monocytes.260","Monocytes","Monocytes-260",1
"Monocytes.261","Monocytes","Monocytes-261",1
"Monocytes.262","Monocytes","Monocytes-262",1
"NKT.cells.44","NKT.cells","NKT-cells-44",0
"T.cells.CD8.133","T.cells.CD8","T-cells-CD8-133",1
"Monocytes.263","Monocytes","Monocytes-263",1
"T.cells.CD8.134","T.cells.CD8","T-cells-CD8-134",1
"T.cells.CD4.102","T.cells.CD4","T-cells-CD4-102",1
"Monocytes.264","Monocytes","Monocytes-264",1
"NKT.cells.45","NKT.cells","NKT-cells-45",0
"T.cells.CD8.135","T.cells.CD8","T-cells-CD8-135",1
"Monocytes.265","Monocytes","Monocytes-265",1
"Monocytes.266","Monocytes","Monocytes-266",1
"Monocytes.267","Monocytes","Monocytes-267",1
"B.cells.28","B.cells","B-cells-28",1
"T.cells.CD8.136","T.cells.CD8","T-cells-CD8-136",1
"NKT.cells.46","NKT.cells","NKT-cells-46",0
"T.cells.CD4.103","T.cells.CD4","T-cells-CD4-103",1
"T.cells.CD4.104","T.cells.CD4","T-cells-CD4-104",1
"NK.cells.33","NK.cells","NK-cells-33",1
"Monocytes.268","Monocytes","Monocytes-268",1
"Monocytes.269","Monocytes","Monocytes-269",1
"T.cells.CD8.137","T.cells.CD8","T-cells-CD8-137",1
"T.cells.CD4.105","T.cells.CD4","T-cells-CD4-105",1
"T.cells.CD8.138","T.cells.CD8","T-cells-CD8-138",1
"NK.cells.34","NK.cells","NK-cells-34",1
"B.cells.29","B.cells","B-cells-29",1
"Monocytes.270","Monocytes","Monocytes-270",1
"Monocytes.271","Monocytes","Monocytes-271",1
"NK.cells.35","NK.cells","NK-cells-35",1
"T.cells.CD4.106","T.cells.CD4","T-cells-CD4-106",1
"B.cells.30","B.cells","B-cells-30",1
"T.cells.CD8.139","T.cells.CD8","T-cells-CD8-139",1
"Monocytes.272","Monocytes","Monocytes-272",1
"Monocytes.273","Monocytes","Monocytes-273",1
"T.cells.CD4.107","T.cells.CD4","T-cells-CD4-107",1
"T.cells.CD4.108","T.cells.CD4","T-cells-CD4-108",1
"NKT.cells.47","NKT.cells","NKT-cells-47",0
"Monocytes.274","Monocytes","Monocytes-274",1
"NKT.cells.48","NKT.cells","NKT-cells-48",0
"T.cells.CD8.140","T.cells.CD8","T-cells-CD8-140",1
"Monocytes.275","Monocytes","Monocytes-275",1
"B.cells.31","B.cells","B-cells-31",1
"T.cells.CD8.141","T.cells.CD8","T-cells-CD8-141",1
"Monocytes.276","Monocytes","Monocytes-276",1
"T.cells.CD8.142","T.cells.CD8","T-cells-CD8-142",1
"T.cells.CD4.109","T.cells.CD4","T-cells-CD4-109",1
"Monocytes.277","Monocytes","Monocytes-277",1
"Monocytes.278","Monocytes","Monocytes-278",1
"T.cells.CD4.110","T.cells.CD4","T-cells-CD4-110",1
"B.cells.32","B.cells","B-cells-32",1
"T.cells.CD8.143","T.cells.CD8","T-cells-CD8-143",1
"T.cells.CD4.111","T.cells.CD4","T-cells-CD4-111",1
"Monocytes.279","Monocytes","Monocytes-279",1
"T.cells.CD8.144","T.cells.CD8","T-cells-CD8-144",1
"Monocytes.280","Monocytes","Monocytes-280",1
"NK.cells.36","NK.cells","NK-cells-36",1
"Monocytes.281","Monocytes","Monocytes-281",1
"Monocytes.282","Monocytes","Monocytes-282",1
"Monocytes.283","Monocytes","Monocytes-283",1
"T.cells.CD8.145","T.cells.CD8","T-cells-CD8-145",1
"T.cells.CD8.146","T.cells.CD8","T-cells-CD8-146",1
"T.cells.CD8.147","T.cells.CD8","T-cells-CD8-147",1
"NK.cells.37","NK.cells","NK-cells-37",1
"T.cells.CD8.148","T.cells.CD8","T-cells-CD8-148",1
"T.cells.CD8.149","T.cells.CD8","T-cells-CD8-149",1
"B.cells.33","B.cells","B-cells-33",1
"Monocytes.284","Monocytes","Monocytes-284",1
"T.cells.CD4.112","T.cells.CD4","T-cells-CD4-112",1
"T.cells.CD8.150","T.cells.CD8","T-cells-CD8-150",1
"T.cells.CD4.113","T.cells.CD4","T-cells-CD4-113",1
"Monocytes.285","Monocytes","Monocytes-285",1
"T.cells.CD4.114","T.cells.CD4","T-cells-CD4-114",1
"B.cells.34","B.cells","B-cells-34",1
"T.cells.CD8.151","T.cells.CD8","T-cells-CD8-151",1
"T.cells.CD4.115","T.cells.CD4","T-cells-CD4-115",1
"NKT.cells.49","NKT.cells","NKT-cells-49",0
"Monocytes.286","Monocytes","Monocytes-286",1
"B.cells.35","B.cells","B-cells-35",1
"NKT.cells.50","NKT.cells","NKT-cells-50",0
"Monocytes.287","Monocytes","Monocytes-287",1
"T.cells.CD8.152","T.cells.CD8","T-cells-CD8-152",1
"Monocytes.288","Monocytes","Monocytes-288",1
"Monocytes.289","Monocytes","Monocytes-289",1
"B.cells.36","B.cells","B-cells-36",1
"T.cells.CD4.116","T.cells.CD4","T-cells-CD4-116",1
"T.cells.CD8.153","T.cells.CD8","T-cells-CD8-153",1
"NKT.cells.51","NKT.cells","NKT-cells-51",0
"T.cells.CD8.154","T.cells.CD8","T-cells-CD8-154",1
"Monocytes.290","Monocytes","Monocytes-290",1
"T.cells.CD8.155","T.cells.CD8","T-cells-CD8-155",1
"Monocytes.291","Monocytes","Monocytes-291",1
"Monocytes.292","Monocytes","Monocytes-292",1
"Monocytes.293","Monocytes","Monocytes-293",1
"Monocytes.294","Monocytes","Monocytes-294",1
"T.cells.CD4.117","T.cells.CD4","T-cells-CD4-117",1
"NKT.cells.52","NKT.cells","NKT-cells-52",0
"T.cells.CD4.118","T.cells.CD4","T-cells-CD4-118",1
"T.cells.CD8.156","T.cells.CD8","T-cells-CD8-156",1
"Monocytes.295","Monocytes","Monocytes-295",1
"T.cells.CD8.157","T.cells.CD8","T-cells-CD8-157",1
"B.cells.37","B.cells","B-cells-37",1
"Monocytes.296","Monocytes","Monocytes-296",1
"NKT.cells.53","NKT.cells","NKT-cells-53",0
"Monocytes.297","Monocytes","Monocytes-297",1
"Monocytes.298","Monocytes","Monocytes-298",1
"Monocytes.299","Monocytes","Monocytes-299",1
"Monocytes.300","Monocytes","Monocytes-300",1
"T.cells.CD8.158","T.cells.CD8","T-cells-CD8-158",1
"Monocytes.301","Monocytes","Monocytes-301",1
"T.cells.CD8.159","T.cells.CD8","T-cells-CD8-159",1
"Monocytes.302","Monocytes","Monocytes-302",1
"Monocytes.303","Monocytes","Monocytes-303",1
"NK.cells.38","NK.cells","NK-cells-38",1
"Monocytes.304","Monocytes","Monocytes-304",1
"T.cells.CD4.119","T.cells.CD4","T-cells-CD4-119",1
"NK.cells.39","NK.cells","NK-cells-39",1
"Monocytes.305","Monocytes","Monocytes-305",1
"T.cells.CD8.160","T.cells.CD8","T-cells-CD8-160",1
"NKT.cells.54","NKT.cells","NKT-cells-54",0
"T.cells.CD8.161","T.cells.CD8","T-cells-CD8-161",1
"Monocytes.306","Monocytes","Monocytes-306",1
"T.cells.CD8.162","T.cells.CD8","T-cells-CD8-162",1
"T.cells.CD8.163","T.cells.CD8","T-cells-CD8-163",1
"Monocytes.307","Monocytes","Monocytes-307",1
"NK.cells.40","NK.cells","NK-cells-40",1
"T.cells.CD4.120","T.cells.CD4","T-cells-CD4-120",1
"NKT.cells.55","NKT.cells","NKT-cells-55",0
"Monocytes.308","Monocytes","Monocytes-308",1
"T.cells.CD4.121","T.cells.CD4","T-cells-CD4-121",1
"T.cells.CD4.122","T.cells.CD4","T-cells-CD4-122",1
"Monocytes.309","Monocytes","Monocytes-309",1
"Monocytes.310","Monocytes","Monocytes-310",1
"Monocytes.311","Monocytes","Monocytes-311",1
"Monocytes.312","Monocytes","Monocytes-312",1
"Monocytes.313","Monocytes","Monocytes-313",1
"T.cells.CD8.164","T.cells.CD8","T-cells-CD8-164",1
"T.cells.CD8.165","T.cells.CD8","T-cells-CD8-165",1
"Monocytes.314","Monocytes","Monocytes-314",1
"Monocytes.315","Monocytes","Monocytes-315",1
"NK.cells.41","NK.cells","NK-cells-41",1
"T.cells.CD4.123","T.cells.CD4","T-cells-CD4-123",1
"T.cells.CD8.166","T.cells.CD8","T-cells-CD8-166",1
"T.cells.CD8.167","T.cells.CD8","T-cells-CD8-167",1
"Monocytes.316","Monocytes","Monocytes-316",1
"T.cells.CD4.124","T.cells.CD4","T-cells-CD4-124",1
"T.cells.CD8.168","T.cells.CD8","T-cells-CD8-168",1
"Monocytes.317","Monocytes","Monocytes-317",1
"T.cells.CD8.169","T.cells.CD8","T-cells-CD8-169",1
"Monocytes.318","Monocytes","Monocytes-318",1
"T.cells.CD8.170","T.cells.CD8","T-cells-CD8-170",1
"Monocytes.319","Monocytes","Monocytes-319",1
"Monocytes.320","Monocytes","Monocytes-320",1
"T.cells.CD8.171","T.cells.CD8","T-cells-CD8-171",1
"T.cells.CD4.125","T.cells.CD4","T-cells-CD4-125",1
"T.cells.CD8.172","T.cells.CD8","T-cells-CD8-172",1
"Monocytes.321","Monocytes","Monocytes-321",1
"Monocytes.322","Monocytes","Monocytes-322",1
"B.cells.38","B.cells","B-cells-38",1
"T.cells.CD4.126","T.cells.CD4","T-cells-CD4-126",1
"T.cells.CD4.127","T.cells.CD4","T-cells-CD4-127",1
"T.cells.CD4.128","T.cells.CD4","T-cells-CD4-128",1
"T.cells.CD4.129","T.cells.CD4","T-cells-CD4-129",1
"T.cells.CD8.173","T.cells.CD8","T-cells-CD8-173",1
"T.cells.CD8.174","T.cells.CD8","T-cells-CD8-174",1
"T.cells.CD8.175","T.cells.CD8","T-cells-CD8-175",1
"NKT.cells.56","NKT.cells","NKT-cells-56",0
"Monocytes.323","Monocytes","Monocytes-323",1
"B.cells.39","B.cells","B-cells-39",1
"T.cells.CD8.176","T.cells.CD8","T-cells-CD8-176",1
"Monocytes.324","Monocytes","Monocytes-324",1
"Monocytes.325","Monocytes","Monocytes-325",1
"NKT.cells.57","NKT.cells","NKT-cells-57",0
"Monocytes.326","Monocytes","Monocytes-326",1
"Monocytes.327","Monocytes","Monocytes-327",1
"T.cells.CD8.177","T.cells.CD8","T-cells-CD8-177",1
"Monocytes.328","Monocytes","Monocytes-328",1
"T.cells.CD8.178","T.cells.CD8","T-cells-CD8-178",1
"Monocytes.329","Monocytes","Monocytes-329",1
"NK.cells.42","NK.cells","NK-cells-42",1
"Monocytes.330","Monocytes","Monocytes-330",1
"NKT.cells.58","NKT.cells","NKT-cells-58",0
"T.cells.CD8.179","T.cells.CD8","T-cells-CD8-179",1
"Monocytes.331","Monocytes","Monocytes-331",1
"T.cells.CD4.130","T.cells.CD4","T-cells-CD4-130",1
"T.cells.CD8.180","T.cells.CD8","T-cells-CD8-180",1
"T.cells.CD8.181","T.cells.CD8","T-cells-CD8-181",1
"T.cells.CD8.182","T.cells.CD8","T-cells-CD8-182",1
"T.cells.CD4.131","T.cells.CD4","T-cells-CD4-131",1
"Monocytes.332","Monocytes","Monocytes-332",1
"Monocytes.333","Monocytes","Monocytes-333",1
"Monocytes.334","Monocytes","Monocytes-334",1
"Monocytes.335","Monocytes","Monocytes-335",1
"T.cells.CD8.183","T.cells.CD8","T-cells-CD8-183",1
"Monocytes.336","Monocytes","Monocytes-336",1
"T.cells.CD4.132","T.cells.CD4","T-cells-CD4-132",1
"Monocytes.337","Monocytes","Monocytes-337",1
"Monocytes.338","Monocytes","Monocytes-338",1
"Monocytes.339","Monocytes","Monocytes-339",1
"NKT.cells.59","NKT.cells","NKT-cells-59",0
"Monocytes.340","Monocytes","Monocytes-340",1
"NKT.cells.60","NKT.cells","NKT-cells-60",0
"NKT.cells.61","NKT.cells","NKT-cells-61",0
"Monocytes.341","Monocytes","Monocytes-341",1
"Monocytes.342","Monocytes","Monocytes-342",1
"NKT.cells.62","NKT.cells","NKT-cells-62",0
"NK.cells.43","NK.cells","NK-cells-43",1
"Monocytes.343","Monocytes","Monocytes-343",1
"T.cells.CD8.184","T.cells.CD8","T-cells-CD8-184",1
"Monocytes.344","Monocytes","Monocytes-344",1
"B.cells.40","B.cells","B-cells-40",1
"Monocytes.345","Monocytes","Monocytes-345",1
"T.cells.CD4.133","T.cells.CD4","T-cells-CD4-133",1
"Monocytes.346","Monocytes","Monocytes-346",1
"Monocytes.347","Monocytes","Monocytes-347",1
"NKT.cells.63","NKT.cells","NKT-cells-63",0
"Monocytes.348","Monocytes","Monocytes-348",1
"NKT.cells.64","NKT.cells","NKT-cells-64",0
"Monocytes.349","Monocytes","Monocytes-349",1
"T.cells.CD8.185","T.cells.CD8","T-cells-CD8-185",1
"NKT.cells.65","NKT.cells","NKT-cells-65",0
"T.cells.CD8.186","T.cells.CD8","T-cells-CD8-186",1
"Monocytes.350","Monocytes","Monocytes-350",1
"Monocytes.351","Monocytes","Monocytes-351",1
"B.cells.41","B.cells","B-cells-41",1
"T.cells.CD4.134","T.cells.CD4","T-cells-CD4-134",1
"Monocytes.352","Monocytes","Monocytes-352",1
"T.cells.CD8.187","T.cells.CD8","T-cells-CD8-187",1
"Monocytes.353","Monocytes","Monocytes-353",1
"NKT.cells.66","NKT.cells","NKT-cells-66",0
"Monocytes.354","Monocytes","Monocytes-354",1
"T.cells.CD4.135","T.cells.CD4","T-cells-CD4-135",1
"Monocytes.355","Monocytes","Monocytes-355",1
"T.cells.CD8.188","T.cells.CD8","T-cells-CD8-188",1
"Monocytes.356","Monocytes","Monocytes-356",1
"T.cells.CD8.189","T.cells.CD8","T-cells-CD8-189",1
"Monocytes.357","Monocytes","Monocytes-357",1
"T.cells.CD4.136","T.cells.CD4","T-cells-CD4-136",1
"T.cells.CD8.190","T.cells.CD8","T-cells-CD8-190",1
"Monocytes.358","Monocytes","Monocytes-358",1
"Monocytes.359","Monocytes","Monocytes-359",1
"T.cells.CD4.137","T.cells.CD4","T-cells-CD4-137",1
"T.cells.CD4.138","T.cells.CD4","T-cells-CD4-138",1
"Monocytes.360","Monocytes","Monocytes-360",1
"Monocytes.361","Monocytes","Monocytes-361",1
"T.cells.CD4.139","T.cells.CD4","T-cells-CD4-139",1
"Monocytes.362","Monocytes","Monocytes-362",1
"Monocytes.363","Monocytes","Monocytes-363",1
"T.cells.CD8.191","T.cells.CD8","T-cells-CD8-191",1
"T.cells.CD8.192","T.cells.CD8","T-cells-CD8-192",1
"Monocytes.364","Monocytes","Monocytes-364",1
"Monocytes.365","Monocytes","Monocytes-365",1
"Monocytes.366","Monocytes","Monocytes-366",1
"Monocytes.367","Monocytes","Monocytes-367",1
"Monocytes.368","Monocytes","Monocytes-368",1
"NK.cells.44","NK.cells","NK-cells-44",1
"T.cells.CD4.140","T.cells.CD4","T-cells-CD4-140",1
"Monocytes.369","Monocytes","Monocytes-369",1
"T.cells.CD8.193","T.cells.CD8","T-cells-CD8-193",1
"T.cells.CD8.194","T.cells.CD8","T-cells-CD8-194",1
"Monocytes.370","Monocytes","Monocytes-370",1
"T.cells.CD4.141","T.cells.CD4","T-cells-CD4-141",1
"T.cells.CD4.142","T.cells.CD4","T-cells-CD4-142",1
"T.cells.CD4.143","T.cells.CD4","T-cells-CD4-143",1
"T.cells.CD4.144","T.cells.CD4","T-cells-CD4-144",1
"Monocytes.371","Monocytes","Monocytes-371",1
"Monocytes.372","Monocytes","Monocytes-372",1
"T.cells.CD4.145","T.cells.CD4","T-cells-CD4-145",1
"T.cells.CD4.146","T.cells.CD4","T-cells-CD4-146",1
"NK.cells.45","NK.cells","NK-cells-45",1
"T.cells.CD4.147","T.cells.CD4","T-cells-CD4-147",1
"Monocytes.373","Monocytes","Monocytes-373",1
"T.cells.CD8.195","T.cells.CD8","T-cells-CD8-195",1
"T.cells.CD4.148","T.cells.CD4","T-cells-CD4-148",1
"T.cells.CD8.196","T.cells.CD8","T-cells-CD8-196",1
"T.cells.CD8.197","T.cells.CD8","T-cells-CD8-197",1
"Monocytes.374","Monocytes","Monocytes-374",1
"Monocytes.375","Monocytes","Monocytes-375",1
"Monocytes.376","Monocytes","Monocytes-376",1
"T.cells.CD8.198","T.cells.CD8","T-cells-CD8-198",1
"T.cells.CD8.199","T.cells.CD8","T-cells-CD8-199",1
"T.cells.CD8.200","T.cells.CD8","T-cells-CD8-200",1
"T.cells.CD4.149","T.cells.CD4","T-cells-CD4-149",1
"Monocytes.377","Monocytes","Monocytes-377",1
"NK.cells.46","NK.cells","NK-cells-46",1
"NKT.cells.67","NKT.cells","NKT-cells-67",0
"Monocytes.378","Monocytes","Monocytes-378",1
"Monocytes.379","Monocytes","Monocytes-379",1
"Monocytes.380","Monocytes","Monocytes-380",1
"NK.cells.47","NK.cells","NK-cells-47",1
"T.cells.CD8.201","T.cells.CD8","T-cells-CD8-201",1
"Monocytes.381","Monocytes","Monocytes-381",1
"Monocytes.382","Monocytes","Monocytes-382",1
"Monocytes.383","Monocytes","Monocytes-383",1
"B.cells.42","B.cells","B-cells-42",1
"Monocytes.384","Monocytes","Monocytes-384",1
"NKT.cells.68","NKT.cells","NKT-cells-68",0
"T.cells.CD8.202","T.cells.CD8","T-cells-CD8-202",1
"T.cells.CD8.203","T.cells.CD8","T-cells-CD8-203",1
"Monocytes.385","Monocytes","Monocytes-385",1
"T.cells.CD8.204","T.cells.CD8","T-cells-CD8-204",1
"B.cells.43","B.cells","B-cells-43",1
"Monocytes.386","Monocytes","Monocytes-386",1
"T.cells.CD8.205","T.cells.CD8","T-cells-CD8-205",1
"T.cells.CD8.206","T.cells.CD8","T-cells-CD8-206",1
"T.cells.CD4.150","T.cells.CD4","T-cells-CD4-150",1
"B.cells.44","B.cells","B-cells-44",1
"NKT.cells.69","NKT.cells","NKT-cells-69",0
"T.cells.CD4.151","T.cells.CD4","T-cells-CD4-151",1
"T.cells.CD4.152","T.cells.CD4","T-cells-CD4-152",1
"Monocytes.387","Monocytes","Monocytes-387",1
"T.cells.CD4.153","T.cells.CD4","T-cells-CD4-153",1
"Monocytes.388","Monocytes","Monocytes-388",1
"B.cells.45","B.cells","B-cells-45",1
"Monocytes.389","Monocytes","Monocytes-389",1
"B.cells.46","B.cells","B-cells-46",1
"NK.cells.48","NK.cells","NK-cells-48",1
"T.cells.CD8.207","T.cells.CD8","T-cells-CD8-207",1
"T.cells.CD4.154","T.cells.CD4","T-cells-CD4-154",1
"Monocytes.390","Monocytes","Monocytes-390",1
"T.cells.CD4.155","T.cells.CD4","T-cells-CD4-155",1
"T.cells.CD4.156","T.cells.CD4","T-cells-CD4-156",1
"Monocytes.391","Monocytes","Monocytes-391",1
"NKT.cells.70","NKT.cells","NKT-cells-70",0
"Monocytes.392","Monocytes","Monocytes-392",1
"T.cells.CD4.157","T.cells.CD4","T-cells-CD4-157",1
"T.cells.CD8.208","T.cells.CD8","T-cells-CD8-208",1
"T.cells.CD8.209","T.cells.CD8","T-cells-CD8-209",1
"T.cells.CD8.210","T.cells.CD8","T-cells-CD8-210",1
"T.cells.CD8.211","T.cells.CD8","T-cells-CD8-211",1
"Monocytes.393","Monocytes","Monocytes-393",1
"Monocytes.394","Monocytes","Monocytes-394",1
"Monocytes.395","Monocytes","Monocytes-395",1
"T.cells.CD8.212","T.cells.CD8","T-cells-CD8-212",1
"Monocytes.396","Monocytes","Monocytes-396",1
"T.cells.CD8.213","T.cells.CD8","T-cells-CD8-213",1
"Monocytes.397","Monocytes","Monocytes-397",1
"B.cells.47","B.cells","B-cells-47",1
"T.cells.CD8.214","T.cells.CD8","T-cells-CD8-214",1
"T.cells.CD8.215","T.cells.CD8","T-cells-CD8-215",1
"NKT.cells.71","NKT.cells","NKT-cells-71",0
"T.cells.CD8.216","T.cells.CD8","T-cells-CD8-216",1
"Monocytes.398","Monocytes","Monocytes-398",1
"B.cells.48","B.cells","B-cells-48",1
"Monocytes.399","Monocytes","Monocytes-399",1
"Monocytes.400","Monocytes","Monocytes-400",1
"T.cells.CD4.158","T.cells.CD4","T-cells-CD4-158",1
"Monocytes.401","Monocytes","Monocytes-401",1
"Monocytes.402","Monocytes","Monocytes-402",1
"Monocytes.403","Monocytes","Monocytes-403",1
"Monocytes.404","Monocytes","Monocytes-404",1
"T.cells.CD8.217","T.cells.CD8","T-cells-CD8-217",1
"Monocytes.405","Monocytes","Monocytes-405",1
"Monocytes.406","Monocytes","Monocytes-406",1
"Monocytes.407","Monocytes","Monocytes-407",1
"T.cells.CD8.218","T.cells.CD8","T-cells-CD8-218",1
"NKT.cells.72","NKT.cells","NKT-cells-72",0
"Monocytes.408","Monocytes","Monocytes-408",1
"Monocytes.409","Monocytes","Monocytes-409",1
"Monocytes.410","Monocytes","Monocytes-410",1
"Monocytes.411","Monocytes","Monocytes-411",1
"T.cells.CD8.219","T.cells.CD8","T-cells-CD8-219",1
"Monocytes.412","Monocytes","Monocytes-412",1
"Monocytes.413","Monocytes","Monocytes-413",1
"T.cells.CD4.159","T.cells.CD4","T-cells-CD4-159",1
"T.cells.CD4.160","T.cells.CD4","T-cells-CD4-160",1
"Monocytes.414","Monocytes","Monocytes-414",1
"Monocytes.415","Monocytes","Monocytes-415",1
"T.cells.CD8.220","T.cells.CD8","T-cells-CD8-220",1
"Monocytes.416","Monocytes","Monocytes-416",1
"Monocytes.417","Monocytes","Monocytes-417",1
"Monocytes.418","Monocytes","Monocytes-418",1
"Monocytes.419","Monocytes","Monocytes-419",1
"Monocytes.420","Monocytes","Monocytes-420",1
"T.cells.CD8.221","T.cells.CD8","T-cells-CD8-221",1
"NK.cells.49","NK.cells","NK-cells-49",1
"NK.cells.50","NK.cells","NK-cells-50",1
"T.cells.CD4.161","T.cells.CD4","T-cells-CD4-161",1
"Monocytes.421","Monocytes","Monocytes-421",1
"Monocytes.422","Monocytes","Monocytes-422",1
"Monocytes.423","Monocytes","Monocytes-423",1
"NKT.cells.73","NKT.cells","NKT-cells-73",0
"Monocytes.424","Monocytes","Monocytes-424",1
"T.cells.CD4.162","T.cells.CD4","T-cells-CD4-162",1
"NK.cells.51","NK.cells","NK-cells-51",1
"T.cells.CD8.222","T.cells.CD8","T-cells-CD8-222",1
"T.cells.CD8.223","T.cells.CD8","T-cells-CD8-223",1
"T.cells.CD8.224","T.cells.CD8","T-cells-CD8-224",1
"Monocytes.425","Monocytes","Monocytes-425",1
"T.cells.CD4.163","T.cells.CD4","T-cells-CD4-163",1
"T.cells.CD4.164","T.cells.CD4","T-cells-CD4-164",1
"Monocytes.426","Monocytes","Monocytes-426",1
"Monocytes.427","Monocytes","Monocytes-427",1
"Monocytes.428","Monocytes","Monocytes-428",1
"NK.cells.52","NK.cells","NK-cells-52",1
"T.cells.CD8.225","T.cells.CD8","T-cells-CD8-225",1
"NK.cells.53","NK.cells","NK-cells-53",1
"T.cells.CD8.226","T.cells.CD8","T-cells-CD8-226",1
"T.cells.CD4.165","T.cells.CD4","T-cells-CD4-165",1
"Monocytes.429","Monocytes","Monocytes-429",1
"Monocytes.430","Monocytes","Monocytes-430",1
"Monocytes.431","Monocytes","Monocytes-431",1
"T.cells.CD8.227","T.cells.CD8","T-cells-CD8-227",1
"Monocytes.432","Monocytes","Monocytes-432",1
"Monocytes.433","Monocytes","Monocytes-433",1
"NKT.cells.74","NKT.cells","NKT-cells-74",0
"Monocytes.434","Monocytes","Monocytes-434",1
"Monocytes.435","Monocytes","Monocytes-435",1
"T.cells.CD4.166","T.cells.CD4","T-cells-CD4-166",1
"Monocytes.436","Monocytes","Monocytes-436",1
"T.cells.CD4.167","T.cells.CD4","T-cells-CD4-167",1
"T.cells.CD8.228","T.cells.CD8","T-cells-CD8-228",1
"Monocytes.437","Monocytes","Monocytes-437",1
"T.cells.CD8.229","T.cells.CD8","T-cells-CD8-229",1
"NKT.cells.75","NKT.cells","NKT-cells-75",0
"T.cells.CD4.168","T.cells.CD4","T-cells-CD4-168",1
"T.cells.CD8.230","T.cells.CD8","T-cells-CD8-230",1
"Monocytes.438","Monocytes","Monocytes-438",1
"Monocytes.439","Monocytes","Monocytes-439",1
"Monocytes.440","Monocytes","Monocytes-440",1
"Monocytes.441","Monocytes","Monocytes-441",1
"NKT.cells.76","NKT.cells","NKT-cells-76",0
"Monocytes.442","Monocytes","Monocytes-442",1
"NKT.cells.77","NKT.cells","NKT-cells-77",0
"T.cells.CD4.169","T.cells.CD4","T-cells-CD4-169",1
"T.cells.CD4.170","T.cells.CD4","T-cells-CD4-170",1
"T.cells.CD4.171","T.cells.CD4","T-cells-CD4-171",1
"Monocytes.443","Monocytes","Monocytes-443",1
"Monocytes.444","Monocytes","Monocytes-444",1
"Monocytes.445","Monocytes","Monocytes-445",1
"NKT.cells.78","NKT.cells","NKT-cells-78",0
"Monocytes.446","Monocytes","Monocytes-446",1
"Monocytes.447","Monocytes","Monocytes-447",1
"B.cells.49","B.cells","B-cells-49",1
"NKT.cells.79","NKT.cells","NKT-cells-79",0
"Monocytes.448","Monocytes","Monocytes-448",1
"Monocytes.449","Monocytes","Monocytes-449",1
"Monocytes.450","Monocytes","Monocytes-450",1
"T.cells.CD4.172","T.cells.CD4","T-cells-CD4-172",1
"T.cells.CD8.231","T.cells.CD8","T-cells-CD8-231",1
"T.cells.CD8.232","T.cells.CD8","T-cells-CD8-232",1
"Monocytes.451","Monocytes","Monocytes-451",1
"Monocytes.452","Monocytes","Monocytes-452",1
"Monocytes.453","Monocytes","Monocytes-453",1
"T.cells.CD8.233","T.cells.CD8","T-cells-CD8-233",1
"T.cells.CD8.234","T.cells.CD8","T-cells-CD8-234",1
"NKT.cells.80","NKT.cells","NKT-cells-80",0
"Monocytes.454","Monocytes","Monocytes-454",1
"Monocytes.455","Monocytes","Monocytes-455",1
"Monocytes.456","Monocytes","Monocytes-456",1
"Monocytes.457","Monocytes","Monocytes-457",1
"NKT.cells.81","NKT.cells","NKT-cells-81",0
"T.cells.CD8.235","T.cells.CD8","T-cells-CD8-235",1
"Monocytes.458","Monocytes","Monocytes-458",1
